chart_id,close_val,volume,high,chain_id,Liquity,coin_id,date_val
14,5.55,52829100,5.82,1,58,2,"2023-08-15 22:10:12"
15,0.2339,2463870,0.25607,1,39,5,"2023-08-15 22:10:12"
16,0.2339,2463870,0.25607,1,39,5,"2023-08-15 22:10:12"
17,0.370935,88332900,0.391845,1,64,3,"2023-08-15 22:10:12"
18,0.370935,88332900,0.391845,1,64,3,"2023-08-15 22:10:12"
19,5.54,52474100,5.82,1,58,2,"2023-08-15 22:18:23"
20,5.54,52474100,5.82,1,58,2,"2023-08-15 22:18:23"
21,5.54,52488200,5.82,1,58,2,"2023-08-15 22:19:24"
22,5.54,52488200,5.82,1,58,2,"2023-08-15 22:19:24"
23,5.54,52497000,5.82,1,58,2,"2023-08-15 22:23:20"
24,5.53,52304600,5.82,1,58,2,"2023-08-15 22:44:03"
25,5.53,52304600,5.82,1,58,2,"2023-08-15 22:44:03"
26,5.53,52592600,5.82,1,58,2,"2023-08-15 22:49:26"
27,5.52,52719400,5.82,1,58,2,"2023-08-15 23:01:01"
28,0.233254,2438600,0.25607,1,39,5,"2023-08-15 23:01:01"
29,0.00160955,18345.5,0.0016229,1,1,7,"2023-08-15 23:01:01"
30,0.368219,89509000,0.391845,1,64,3,"2023-08-15 23:01:01"
31,0.368391,89322100,0.391845,1,64,3,"2023-08-15 23:10:09"
32,5.54,51874600,5.82,1,58,2,"2023-08-15 23:10:09"
33,0.0016091,18340.5,0.0016229,1,1,7,"2023-08-15 23:10:09"
34,0.233456,2440860,0.25607,1,39,5,"2023-08-15 23:10:09"
35,5.54,52582100,5.82,1,58,2,"2023-08-15 23:11:17"
36,0.233457,2439370,0.25607,1,39,5,"2023-08-15 23:11:17"
37,5.54,52654900,5.82,1,58,2,"2023-08-15 23:12:19"
38,0.368602,89868100,0.391845,1,64,3,"2023-08-15 23:12:19"
39,0.00160924,18342.1,0.0016229,1,1,7,"2023-08-15 23:12:19"
40,0.233353,2437540,0.25607,1,39,5,"2023-08-15 23:12:20"
41,5.54,52774200,5.82,1,58,2,"2023-08-15 23:14:24"
42,0.368569,89831500,0.39168,1,64,3,"2023-08-15 23:14:24"
43,0.368569,89831500,0.39168,1,64,3,"2023-08-15 23:14:24"
44,0.23316,2434140,0.25607,1,39,5,"2023-08-15 23:14:24"
45,0.23316,2434140,0.25607,1,39,5,"2023-08-15 23:14:24"
46,0.00160927,18342.4,0.0016229,1,1,7,"2023-08-15 23:14:25"
47,0.00160927,18342.4,0.0016229,1,1,7,"2023-08-15 23:14:25"
48,5.53,52645000,5.82,1,58,2,"2023-08-15 23:19:40"
49,0.233419,2433330,0.25607,1,39,5,"2023-08-15 23:19:40"
50,0.233419,2433330,0.25607,1,39,5,"2023-08-15 23:19:40"
51,0.00160848,18333.3,0.00162287,1,1,7,"2023-08-15 23:19:40"
52,0.00160848,18333.3,0.00162287,1,1,7,"2023-08-15 23:19:40"
53,0.368559,89102700,0.39168,1,64,3,"2023-08-15 23:19:41"
54,0.368559,89102700,0.39168,1,64,3,"2023-08-15 23:19:41"
55,5.53,52602900,5.82,1,58,2,"2023-08-15 23:20:28"
56,0.233605,2434400,0.25607,1,39,5,"2023-08-15 23:20:28"
57,0.233605,2434400,0.25607,1,39,5,"2023-08-15 23:20:28"
58,0.368559,89102700,0.39168,1,64,3,"2023-08-15 23:20:28"
59,0.368559,89102700,0.39168,1,64,3,"2023-08-15 23:20:28"
60,0.00160848,18333.3,0.00162287,1,1,7,"2023-08-15 23:20:28"
61,0.00160848,18333.3,0.00162287,1,1,7,"2023-08-15 23:20:28"
62,0.00160847,18131.9,0.00162287,1,1,7,"2023-08-15 23:21:33"
63,0.00160847,18131.9,0.00162287,1,1,7,"2023-08-15 23:21:33"
64,5.53,52277000,5.82,1,58,2,"2023-08-15 23:21:33"
65,0.368624,89082000,0.39168,1,64,3,"2023-08-15 23:21:33"
66,0.368624,89082000,0.39168,1,64,3,"2023-08-15 23:21:33"
67,0.233513,2433260,0.25607,1,39,5,"2023-08-15 23:21:33"
68,0.233513,2433260,0.25607,1,39,5,"2023-08-15 23:21:33"
69,0.233638,2435250,0.25607,1,39,5,"2023-08-15 23:25:52"
70,0.233638,2435250,0.25607,1,39,5,"2023-08-15 23:25:52"
71,5.52,53311000,5.82,1,58,2,"2023-08-15 23:25:52"
72,0.368714,89731500,0.391376,1,64,3,"2023-08-15 23:25:52"
73,0.368714,89731500,0.391376,1,64,3,"2023-08-15 23:25:52"
74,0.0016087,18134.4,0.00162258,1,1,7,"2023-08-15 23:25:53"
75,0.0016087,18134.4,0.00162258,1,1,7,"2023-08-15 23:25:53"
76,0.233635,2435100,0.25607,1,39,5,"2023-08-15 23:26:52"
77,0.233635,2435100,0.25607,1,39,5,"2023-08-15 23:26:52"
78,0.368714,89731500,0.391376,1,64,3,"2023-08-15 23:26:52"
79,0.368714,89731500,0.391376,1,64,3,"2023-08-15 23:26:52"
80,0.0016087,18134.4,0.00162258,1,1,7,"2023-08-15 23:26:52"
81,0.0016087,18134.4,0.00162258,1,1,7,"2023-08-15 23:26:52"
82,5.52,53804600,5.82,1,58,2,"2023-08-15 23:26:52"
83,0.23365,2434910,0.25607,1,39,5,"2023-08-15 23:27:54"
84,0.23365,2434910,0.25607,1,39,5,"2023-08-15 23:27:54"
85,0.0016087,18134.4,0.00162258,1,1,7,"2023-08-15 23:27:54"
86,0.0016087,18134.4,0.00162258,1,1,7,"2023-08-15 23:27:54"
87,5.52,54185100,5.82,1,58,2,"2023-08-15 23:27:54"
88,0.368678,89721900,0.391376,1,64,3,"2023-08-15 23:27:54"
89,0.368678,89721900,0.391376,1,64,3,"2023-08-15 23:27:54"
90,5.52,54001400,5.82,1,58,2,"2023-08-15 23:28:49"
91,0.368656,89628900,0.391357,1,64,3,"2023-08-15 23:28:49"
92,0.368656,89628900,0.391357,1,64,3,"2023-08-15 23:28:49"
93,0.233588,2434050,0.25607,1,39,5,"2023-08-15 23:28:49"
94,0.233588,2434050,0.25607,1,39,5,"2023-08-15 23:28:49"
95,0.00160868,18335.7,0.00162258,1,1,7,"2023-08-15 23:28:49"
96,0.00160868,18335.7,0.00162258,1,1,7,"2023-08-15 23:28:49"
97,48.92,6245490,52.34,1,41,4,"2023-08-15 23:28:49"
98,48.92,6245490,52.34,1,41,4,"2023-08-15 23:28:49"
99,0.233485,2433130,0.25607,1,39,5,"2023-08-15 23:37:11"
100,0.233485,2433130,0.25607,1,39,5,"2023-08-15 23:37:11"
101,5.52,53918000,5.82,1,58,2,"2023-08-15 23:37:11"
102,48.97,4824610,52.34,1,41,4,"2023-08-15 23:37:11"
103,48.97,4824610,52.34,1,41,4,"2023-08-15 23:37:11"
104,0.368648,89641300,0.391168,1,64,3,"2023-08-15 23:37:11"
105,0.368648,89641300,0.391168,1,64,3,"2023-08-15 23:37:11"
113,4.88,25825400,4.92,1,58,1,"2023-08-18 20:24:11"
114,4.88,25724300,4.92,1,58,1,"2023-08-18 20:34:40"
115,4.88,25281700,4.92,1,58,1,"2023-08-18 20:40:54"
116,4.88,25157300,4.92,1,58,1,"2023-08-18 20:41:54"
117,4.87,25256800,4.92,1,58,1,"2023-08-18 20:42:54"
118,4.87,25242500,4.92,1,58,1,"2023-08-18 20:43:54"
119,4.87,25218600,4.92,1,58,1,"2023-08-18 20:44:54"
120,4.88,25222400,4.92,1,58,1,"2023-08-18 20:45:54"
121,4.88,25608800,4.92,1,58,1,"2023-08-18 20:46:54"
122,4.88,25612300,4.92,1,58,1,"2023-08-18 20:47:55"
123,4.88,25608800,4.92,1,58,1,"2023-08-18 20:48:56"
124,4.87,25588900,4.92,1,58,1,"2023-08-18 20:49:55"
125,4.87,25578800,4.92,1,58,1,"2023-08-18 20:50:55"
126,4.87,25564400,4.92,1,58,1,"2023-08-18 20:51:55"
127,4.88,25189800,4.92,1,58,1,"2023-08-18 20:52:55"
128,4.87,25168100,4.92,1,58,1,"2023-08-18 20:53:55"
129,4.88,25171100,4.92,1,58,1,"2023-08-18 20:54:55"
130,4.87,25545400,4.92,1,58,1,"2023-08-18 20:55:55"
131,4.87,25546900,4.92,1,58,1,"2023-08-18 20:56:55"
132,4.87,25552500,4.92,1,58,1,"2023-08-18 20:57:55"
133,4.88,25545100,4.92,1,58,1,"2023-08-18 20:58:55"
134,4.87,25534500,4.92,1,58,1,"2023-08-18 20:59:55"
135,4.87,25533600,4.92,1,58,1,"2023-08-18 21:00:55"
136,4.87,25324800,4.92,1,58,1,"2023-08-18 21:01:55"
137,4.87,25517600,4.92,1,58,1,"2023-08-18 21:02:55"
138,4.87,25493700,4.92,1,58,1,"2023-08-18 21:03:55"
139,4.87,25493700,4.92,1,58,1,"2023-08-18 21:04:55"
140,4.87,24959400,4.92,1,58,1,"2023-08-18 21:05:55"
141,4.88,25330500,4.92,1,58,1,"2023-08-18 21:06:57"
142,4.88,25132200,4.92,1,58,1,"2023-08-18 21:07:55"
143,4.88,25157200,4.92,1,58,1,"2023-08-18 21:12:43"
144,4.88,25348900,4.92,1,58,1,"2023-08-18 21:13:15"
145,4.88,25348900,4.92,1,58,1,"2023-08-18 21:13:42"
146,4.88,24970900,4.92,1,58,1,"2023-08-18 21:14:12"
147,4.88,24970900,4.92,1,58,1,"2023-08-18 21:14:42"
148,4.88,24787500,4.92,1,58,1,"2023-08-18 21:15:19"
149,4.88,24787500,4.92,1,58,1,"2023-08-18 21:15:49"
150,4.88,24787500,4.92,1,58,1,"2023-08-18 21:16:19"
151,4.88,24772200,4.92,1,58,1,"2023-08-18 21:16:49"
152,4.88,24772200,4.92,1,58,1,"2023-08-18 21:17:19"
153,4.87,24652100,4.92,1,58,1,"2023-08-18 21:17:49"
154,4.87,24652100,4.92,1,58,1,"2023-08-18 21:18:19"
155,4.87,24653000,4.92,1,58,1,"2023-08-18 21:18:49"
156,4.88,25142300,4.92,1,58,1,"2023-08-18 21:19:24"
157,4.88,25142300,4.92,1,58,1,"2023-08-18 21:19:55"
158,4.88,25142300,4.92,1,58,1,"2023-08-18 21:20:20"
159,4.88,23394900,4.92,1,58,1,"2023-08-18 21:20:50"
160,4.88,23394900,4.92,1,58,1,"2023-08-18 21:21:20"
161,4.87,25333300,4.92,1,58,1,"2023-08-18 21:21:47"
162,4.87,25333300,4.92,1,58,1,"2023-08-18 21:22:16"
163,4.87,25338300,4.92,1,58,1,"2023-08-18 21:22:46"
164,4.87,25338300,4.92,1,58,1,"2023-08-18 21:23:16"
165,4.87,25333100,4.92,1,58,1,"2023-08-18 21:24:03"
166,4.87,25333100,4.92,1,58,1,"2023-08-18 21:24:20"
167,4.87,25325000,4.92,1,58,1,"2023-08-18 21:24:46"
168,4.87,25325000,4.92,1,58,1,"2023-08-18 21:25:16"
169,4.86,25314900,4.92,1,58,1,"2023-08-18 21:25:47"
170,0.203839,2161280,0.211798,1,39,1,"2023-08-18 21:26:33"
171,4.86,25321400,4.92,1,58,1,"2023-08-18 21:26:34"
172,4.87,25331000,4.92,1,58,1,"2023-08-18 21:27:33"
173,0.203744,2160140,0.211798,1,39,1,"2023-08-18 21:27:34"
174,0.00146207,16113.8,0.001492,1,1,1,"2023-08-18 21:27:34"
175,4.86,25211200,4.92,1,58,1,"2023-08-18 21:29:48"
176,0.204226,2161330,0.211798,1,39,1,"2023-08-18 21:29:49"
177,0.00146212,16114.3,0.001492,1,1,1,"2023-08-18 21:29:49"
178,44.76,3473400,45.28,1,41,1,"2023-08-18 21:29:49"
179,0.00146286,16122.5,0.001492,1,1,1,"2023-08-18 21:32:40"
180,4.87,25363600,4.92,1,58,1,"2023-08-18 21:32:40"
181,44.8,3168830,45.28,1,41,1,"2023-08-18 21:32:40"
182,0.20398,2157240,0.211798,1,39,1,"2023-08-18 21:32:41"
183,0.327597,65940100,0.331294,1,64,1,"2023-08-18 21:32:41"
184,4.87,24967300,4.92,1,58,1,"2023-08-18 21:33:23"
185,4.87,25296700,4.92,1,58,1,"2023-08-18 21:37:12"
186,0.204697,2160400,0.211798,1,39,1,"2023-08-18 21:37:12"
187,0.327944,65773900,0.331294,1,64,1,"2023-08-18 21:37:12"
188,0.00146323,16126.6,0.001492,1,1,1,"2023-08-18 21:37:13"
189,44.79,3484320,45.22,1,41,1,"2023-08-18 21:37:13"
190,0.00146323,16126.6,0.001492,1,1,1,"2023-08-18 21:37:43"
191,44.79,3484320,45.22,1,41,1,"2023-08-18 21:37:58"
192,0.204989,2164110,0.211798,1,39,1,"2023-08-18 21:38:02"
193,0.00146283,16305.3,0.001492,1,1,1,"2023-08-18 21:38:13"
194,0.00146283,16305.3,0.001492,1,1,1,"2023-08-18 21:38:43"
195,44.79,3484130,45.13,1,41,1,"2023-08-18 21:38:43"
196,0.204989,2164110,0.211798,1,39,1,"2023-08-18 21:38:53"
197,0.00146235,16300,0.001492,1,1,1,"2023-08-18 21:39:13"
198,44.77,3482040,45.13,1,41,1,"2023-08-18 21:39:28"
199,0.204911,2163680,0.211798,1,39,1,"2023-08-18 21:39:42"
200,0.00146235,16300,0.001492,1,1,1,"2023-08-18 21:39:43"
202,4.87,25212600,4.92,1,58,1,"2023-08-18 21:45:55"
203,0.204898,2163250,0.211798,1,39,1,"2023-08-18 21:45:56"
204,0.327477,64977600,0.331294,1,64,1,"2023-08-18 21:45:56"
205,44.72,3478090,45.13,1,41,1,"2023-08-18 21:45:56"
206,0.00146149,16290.4,0.001492,1,1,1,"2023-08-18 21:45:56"
207,0.00146149,16290.4,0.001492,1,1,1,"2023-08-18 21:46:25"
208,44.75,3476060,45.13,1,41,1,"2023-08-18 21:46:41"
209,0.204918,2163470,0.211798,1,39,1,"2023-08-18 21:46:45"
210,0.00146149,16290.4,0.001492,1,1,1,"2023-08-18 21:46:55"
211,0.00146149,16290.4,0.001492,1,1,1,"2023-08-18 21:47:25"
212,44.76,3473560,45.13,1,41,1,"2023-08-18 21:47:25"
213,0.204867,2161990,0.211798,1,39,1,"2023-08-18 21:47:35"
214,4.87,25081900,4.92,1,58,2,"2023-08-18 21:47:58"
215,0.204867,2161990,0.211798,1,39,5,"2023-08-18 21:47:58"
216,44.76,3473560,45.13,1,41,4,"2023-08-18 21:47:59"
217,0.32749,64757400,0.331294,1,64,3,"2023-08-18 21:47:59"
218,0.00146149,16290.4,0.001492,1,1,7,"2023-08-18 21:47:59"
219,0.00146149,16290.4,0.001492,1,1,7,"2023-08-18 21:48:28"
220,44.75,3470680,45.13,1,41,4,"2023-08-18 21:48:44"
221,0.204902,2161800,0.211798,1,39,5,"2023-08-18 21:48:49"
222,0.00146149,16290.4,0.001492,1,1,7,"2023-08-18 21:48:59"
223,4.87,25052200,4.92,1,58,2,"2023-08-18 21:49:17"
224,0.204902,2161800,0.211798,1,39,5,"2023-08-18 21:49:17"
225,44.75,3470680,45.13,1,41,4,"2023-08-18 21:49:17"
226,0.00146149,16290.4,0.001492,1,1,7,"2023-08-18 21:49:17"
227,0.327369,64645100,0.331294,1,64,3,"2023-08-18 21:49:17"
228,0.00146111,16286.2,0.001492,1,1,7,"2023-08-18 21:49:48"
229,44.67,4519180,45.13,1,41,4,"2023-08-18 21:50:02"
230,0.204823,2161040,0.211798,1,39,5,"2023-08-18 21:50:07"
231,0.00146111,16286.2,0.001492,1,1,7,"2023-08-18 21:50:17"
232,44.67,4518560,45.13,1,41,4,"2023-08-18 21:50:47"
233,0.00146111,16286.2,0.001492,1,1,7,"2023-08-18 21:50:47"
234,0.20464,2157930,0.211798,1,39,5,"2023-08-18 21:50:59"
235,0.00146111,16286.2,0.001492,1,1,7,"2023-08-18 21:51:17"
236,44.67,4518560,45.13,1,41,4,"2023-08-18 21:51:32"
237,0.20464,2157930,0.211798,1,39,5,"2023-08-18 21:51:47"
238,0.00146109,16286,0.001492,1,1,7,"2023-08-18 21:51:47"
239,0.00146109,16286,0.001492,1,1,7,"2023-08-18 21:52:18"
240,44.7,3443000,45.13,1,41,4,"2023-08-18 21:52:18"
241,0.204643,2157730,0.211798,1,39,5,"2023-08-18 21:52:37"
242,0.00146109,16286,0.001492,1,1,7,"2023-08-18 21:52:47"
243,44.7,3442040,45.13,1,41,4,"2023-08-18 21:53:02"
244,0.00146109,16286,0.001492,1,1,7,"2023-08-18 21:53:17"
245,0.204677,2157730,0.211798,1,39,5,"2023-08-18 21:53:27"
246,44.7,3442040,45.13,1,41,4,"2023-08-18 21:53:47"
247,0.00146151,16290.6,0.001492,1,1,7,"2023-08-18 21:53:47"
248,0.00146151,16290.6,0.001492,1,1,7,"2023-08-18 21:54:17"
249,0.20473,2158650,0.211798,1,39,5,"2023-08-18 21:54:17"
250,44.69,3441950,45.13,1,41,4,"2023-08-18 21:54:32"
251,0.00146151,16290.6,0.001492,1,1,7,"2023-08-18 21:54:47"
252,0.204702,2158610,0.211798,1,39,5,"2023-08-18 21:55:07"
253,44.71,3439740,45.13,1,41,4,"2023-08-18 21:55:17"
254,0.00146151,16290.6,0.001492,1,1,7,"2023-08-18 21:55:17"
255,0.0014618,16293.9,0.001492,1,1,7,"2023-08-18 21:55:48"
256,0.204651,2158440,0.211798,1,39,5,"2023-08-18 21:56:01"
257,44.71,3439740,45.13,1,41,4,"2023-08-18 21:56:06"
258,0.0014618,16293.9,0.001492,1,1,7,"2023-08-18 21:56:17"
259,44.71,3439850,45.13,1,41,4,"2023-08-18 21:56:48"
260,0.0014618,16293.9,0.001492,1,1,7,"2023-08-18 21:56:48"
261,0.204651,2158440,0.211798,1,39,5,"2023-08-18 21:56:49"
262,0.0014618,16293.9,0.001492,1,1,7,"2023-08-18 21:57:17"
263,44.62,4494990,45.13,1,41,4,"2023-08-18 21:57:32"
264,0.204585,2157720,0.211798,1,39,5,"2023-08-18 21:57:37"
265,0.0014618,16293.9,0.001492,1,1,7,"2023-08-18 21:57:47"
266,44.62,4494990,45.13,1,41,4,"2023-08-18 21:58:18"
267,0.0014618,16293.9,0.001492,1,1,7,"2023-08-18 21:58:18"
268,0.204854,2161480,0.211798,1,39,5,"2023-08-18 21:58:27"
269,0.0014615,16290.5,0.001492,1,1,7,"2023-08-18 21:58:48"
270,44.69,3435310,45.13,1,41,4,"2023-08-18 21:59:02"
271,0.204909,2162460,0.211798,1,39,5,"2023-08-18 21:59:17"
272,0.0014615,16290.5,0.001492,1,1,7,"2023-08-18 21:59:17"
273,44.7,3518280,45.13,1,41,4,"2023-08-18 21:59:47"
274,0.0014615,16290.5,0.001492,1,1,7,"2023-08-18 21:59:47"
275,0.204943,2162760,0.211798,1,39,5,"2023-08-18 22:00:07"
276,0.0014615,16290.5,0.001492,1,1,7,"2023-08-18 22:00:17"
277,44.7,3517410,45.13,1,41,4,"2023-08-18 22:00:32"
278,0.00146234,16299.9,0.001492,1,1,7,"2023-08-18 22:00:48"
279,0.204943,2162760,0.211798,1,39,5,"2023-08-18 22:00:57"
280,44.7,3517410,45.13,1,41,4,"2023-08-18 22:01:17"
281,0.00146234,16299.9,0.001492,1,1,7,"2023-08-18 22:01:18"
282,0.204775,2160160,0.211798,1,39,5,"2023-08-18 22:01:47"
283,0.00146234,16299.9,0.001492,1,1,7,"2023-08-18 22:01:47"
284,44.66,4577360,45.13,1,41,4,"2023-08-18 22:02:02"
285,0.00146234,16299.9,0.001492,1,1,7,"2023-08-18 22:02:17"
286,0.204773,2156810,0.211798,1,39,5,"2023-08-18 22:02:37"
287,44.72,3508650,45.13,1,41,4,"2023-08-18 22:02:47"
288,0.00146243,16209.3,0.001492,1,1,7,"2023-08-18 22:02:48"
289,0.00146243,16209.3,0.001492,1,1,7,"2023-08-18 22:03:17"
290,0.204713,2156620,0.211798,1,39,5,"2023-08-18 22:03:27"
291,44.68,3422240,45.13,1,41,4,"2023-08-18 22:03:32"
292,0.00146243,16209.3,0.001492,1,1,7,"2023-08-18 22:03:48"
293,44.68,3422240,45.13,1,41,4,"2023-08-18 22:04:17"
294,0.204644,2156160,0.211798,1,39,5,"2023-08-18 22:04:17"
295,0.00146243,16209.3,0.001492,1,1,7,"2023-08-18 22:04:17"
296,0.00146128,16196.6,0.001492,1,1,7,"2023-08-18 22:04:48"
297,44.66,3488500,45.13,1,41,4,"2023-08-18 22:05:02"
298,0.204793,2154290,0.211798,1,39,5,"2023-08-18 22:05:07"
299,0.00146128,16196.6,0.001492,1,1,7,"2023-08-18 22:05:17"
300,0.00146128,16196.6,0.001492,1,1,7,"2023-08-18 22:05:48"
301,44.66,3487600,45.13,1,41,4,"2023-08-18 22:05:48"
302,0.204793,2154290,0.211798,1,39,5,"2023-08-18 22:05:57"
303,0.00146128,16196.6,0.001492,1,1,7,"2023-08-18 22:06:17"
304,44.66,3487600,45.13,1,41,4,"2023-08-18 22:06:33"
305,0.204772,2154030,0.211798,1,39,5,"2023-08-18 22:06:47"
306,0.00146128,16196.6,0.001492,1,1,7,"2023-08-18 22:06:48"
307,0.00146128,16196.6,0.001492,1,1,7,"2023-08-18 22:07:17"
308,44.72,3492770,45.13,1,41,4,"2023-08-18 22:07:18"
309,0.204828,2155250,0.211798,1,39,5,"2023-08-18 22:07:37"
310,0.00146128,16196.6,0.001492,1,1,7,"2023-08-18 22:07:48"
311,44.72,3492770,45.13,1,41,4,"2023-08-18 22:08:03"
312,0.00146128,16196.6,0.001492,1,1,7,"2023-08-18 22:08:17"
313,0.204714,2154290,0.211798,1,39,5,"2023-08-18 22:08:27"
314,44.69,3489590,45.13,1,41,4,"2023-08-18 22:08:48"
315,0.0014606,16280.5,0.001492,1,1,7,"2023-08-18 22:08:48"
316,0.204697,2154060,0.211798,1,39,5,"2023-08-18 22:09:17"
317,0.0014606,16280.5,0.001492,1,1,7,"2023-08-18 22:09:17"
318,44.67,3484870,45.13,1,41,4,"2023-08-18 22:09:33"
319,0.0014606,16280.5,0.001492,1,1,7,"2023-08-18 22:09:48"
320,0.204582,2152880,0.211798,1,39,5,"2023-08-18 22:10:07"
321,0.0014606,16280.5,0.001492,1,1,7,"2023-08-18 22:10:17"
322,44.67,3484870,45.13,1,41,4,"2023-08-18 22:10:18"
323,0.00146104,16285.4,0.001492,1,1,7,"2023-08-18 22:10:48"
324,0.204582,2152880,0.211798,1,39,5,"2023-08-18 22:10:57"
325,44.66,3399720,45.13,1,41,4,"2023-08-18 22:11:03"
326,0.00146104,16285.4,0.001492,1,1,7,"2023-08-18 22:11:17"
327,0.204577,2152830,0.211798,1,39,5,"2023-08-18 22:11:47"
328,44.69,3402030,45.13,1,41,4,"2023-08-18 22:11:48"
329,0.00146104,16285.4,0.001492,1,1,7,"2023-08-18 22:11:48"
330,0.00146104,16285.4,0.001492,1,1,7,"2023-08-18 22:12:18"
331,44.69,3402030,45.13,1,41,4,"2023-08-18 22:12:33"
332,0.204619,2153480,0.211798,1,39,5,"2023-08-18 22:12:37"
333,0.00146101,16285.2,0.001492,1,1,7,"2023-08-18 22:12:48"
334,0.00146101,16285.2,0.001492,1,1,7,"2023-08-18 22:13:17"
335,44.7,3484660,45.13,1,41,4,"2023-08-18 22:13:18"
336,0.204528,2154460,0.211798,1,39,5,"2023-08-18 22:13:27"
337,0.00145988,16272.5,0.001492,1,1,7,"2023-08-18 22:13:48"
338,44.65,3480000,45.13,1,41,4,"2023-08-18 22:14:03"
339,0.00145988,16272.5,0.001492,1,1,7,"2023-08-18 22:14:18"
340,0.204238,2153140,0.211798,1,39,5,"2023-08-18 22:14:18"
341,44.65,3480000,45.13,1,41,4,"2023-08-18 22:14:48"
342,0.00145988,16272.5,0.001492,1,1,7,"2023-08-18 22:14:48"
343,0.204188,2154850,0.211798,1,39,5,"2023-08-18 22:15:07"
344,0.00145988,16272.5,0.001492,1,1,7,"2023-08-18 22:15:18"
345,44.65,3478010,45.13,1,41,4,"2023-08-18 22:15:33"
346,0.00145988,16272.5,0.001492,1,1,7,"2023-08-18 22:15:48"
347,0.204188,2154850,0.211798,1,39,5,"2023-08-18 22:15:58"
348,44.67,3396510,45.13,1,41,4,"2023-08-18 22:16:18"
349,0.00145988,16272.5,0.001492,1,1,7,"2023-08-18 22:16:18"
350,0.204085,2156090,0.211798,1,39,5,"2023-08-18 22:16:47"
351,0.00146079,16282.6,0.001492,1,1,7,"2023-08-18 22:16:48"
352,44.67,3396510,45.13,1,41,4,"2023-08-18 22:17:03"
353,0.00146079,16282.6,0.001492,1,1,7,"2023-08-18 22:17:18"
354,0.203615,2150640,0.211798,1,39,5,"2023-08-18 22:17:37"
355,44.64,3477620,45.13,1,41,4,"2023-08-18 22:17:48"
356,0.00146079,16282.6,0.001492,1,1,7,"2023-08-18 22:17:48"
357,0.00146079,16282.6,0.001492,1,1,7,"2023-08-18 22:18:18"
358,0.203612,2150620,0.211798,1,39,5,"2023-08-18 22:18:28"
359,44.64,3477760,45.13,1,41,4,"2023-08-18 22:18:33"
360,0.00146079,16282.6,0.001492,1,1,7,"2023-08-18 22:18:48"
361,4.86,24197700,4.92,1,58,2,"2023-08-18 22:19:17"
362,0.203583,2150290,0.211798,1,39,5,"2023-08-18 22:19:17"
363,0.326341,63238400,0.331294,1,64,3,"2023-08-18 22:19:17"
364,44.63,3473130,45.13,1,41,4,"2023-08-18 22:19:17"
365,0.00146079,16282.6,0.001492,1,1,7,"2023-08-18 22:19:18"
366,0.00145906,16263.3,0.001492,1,1,7,"2023-08-18 22:19:48"
367,44.63,3473130,45.13,1,41,4,"2023-08-18 22:20:03"
368,0.203528,2150380,0.211798,1,39,5,"2023-08-18 22:20:07"
369,0.00145906,16263.3,0.001492,1,1,7,"2023-08-18 22:20:18"
370,44.57,4501330,45.13,1,41,4,"2023-08-18 22:20:48"
371,0.00145906,16263.3,0.001492,1,1,7,"2023-08-18 22:20:48"
372,0.203528,2150380,0.211798,1,39,5,"2023-08-18 22:20:57"
373,0.00145906,16263.3,0.001492,1,1,7,"2023-08-18 22:21:18"
374,44.63,3471350,45.13,1,41,4,"2023-08-18 22:21:33"
375,0.203681,2151710,0.211798,1,39,5,"2023-08-18 22:21:47"
376,0.00145891,16261.8,0.001492,1,1,7,"2023-08-18 22:21:48"
377,0.00145891,16261.8,0.001492,1,1,7,"2023-08-18 22:22:18"
378,44.63,3471350,45.13,1,41,4,"2023-08-18 22:22:18"
379,0.20375,2152340,0.211798,1,39,5,"2023-08-18 22:22:37"
380,0.00145891,16261.8,0.001492,1,1,7,"2023-08-18 22:22:48"
381,44.61,3469160,45.13,1,41,4,"2023-08-18 22:23:03"
382,0.00145891,16261.8,0.001492,1,1,7,"2023-08-18 22:23:18"
383,0.203762,2152500,0.211798,1,39,5,"2023-08-18 22:23:27"
384,44.61,3465650,45.13,1,41,4,"2023-08-18 22:23:48"
385,0.0014586,16349.6,0.001492,1,1,7,"2023-08-18 22:23:48"
386,0.203681,2151530,0.211798,1,39,5,"2023-08-18 22:24:17"
387,0.0014586,16349.6,0.001492,1,1,7,"2023-08-18 22:24:18"
388,44.61,3465650,45.13,1,41,4,"2023-08-18 22:24:33"
389,0.0014586,16349.6,0.001492,1,1,7,"2023-08-18 22:24:48"
390,0.203947,2155710,0.211798,1,39,5,"2023-08-18 22:25:07"
391,44.6,3088110,45.13,1,41,4,"2023-08-18 22:25:18"
392,0.0014586,16349.6,0.001492,1,1,7,"2023-08-18 22:25:18"
393,0.00145842,16256.2,0.001492,1,1,7,"2023-08-18 22:25:48"
394,0.203947,2155710,0.211798,1,39,5,"2023-08-18 22:25:57"
395,44.54,4495120,45.13,1,41,4,"2023-08-18 22:26:03"
396,0.00145842,16256.2,0.001492,1,1,7,"2023-08-18 22:26:18"
397,0.203975,2156000,0.211798,1,39,5,"2023-08-18 22:26:47"
398,44.63,3466190,45.13,1,41,4,"2023-08-18 22:26:48"
399,0.00145842,16256.2,0.001492,1,1,7,"2023-08-18 22:26:48"
400,0.00145842,16256.2,0.001492,1,1,7,"2023-08-18 22:27:18"
401,44.63,3466190,45.13,1,41,4,"2023-08-18 22:27:33"
402,0.203732,2163240,0.211798,1,39,5,"2023-08-18 22:27:37"
403,0.00145868,16259.2,0.001492,1,1,7,"2023-08-18 22:27:48"
404,44.62,3465600,45.13,1,41,4,"2023-08-18 22:28:18"
405,0.00145868,16259.2,0.001492,1,1,7,"2023-08-18 22:28:18"
406,0.203346,2159700,0.211798,1,39,5,"2023-08-18 22:28:28"
407,0.00145868,16259.2,0.001492,1,1,7,"2023-08-18 22:28:49"
408,44.63,3457560,45.13,1,41,4,"2023-08-18 22:29:03"
409,0.203355,2159880,0.211798,1,39,5,"2023-08-18 22:29:17"
410,0.00145868,16259.2,0.001492,1,1,7,"2023-08-18 22:29:18"
411,44.65,3459160,45.13,1,41,4,"2023-08-18 22:29:48"
412,0.00145852,16257.3,0.001492,1,1,7,"2023-08-18 22:29:48"
413,0.203367,2160570,0.211798,1,39,5,"2023-08-18 22:30:07"
414,0.00145852,16257.3,0.001492,1,1,7,"2023-08-18 22:30:18"
415,44.65,3459160,45.13,1,41,4,"2023-08-18 22:30:33"
416,0.00145852,16257.3,0.001492,1,1,7,"2023-08-18 22:30:48"
417,0.203367,2160570,0.211798,1,39,5,"2023-08-18 22:30:57"
418,0.00145852,16257.3,0.001492,1,1,7,"2023-08-18 22:31:18"
419,44.65,3457580,45.13,1,41,4,"2023-08-18 22:31:18"
420,0.203341,2159650,0.211798,1,39,5,"2023-08-18 22:31:47"
421,0.00145837,16255.7,0.001492,1,1,7,"2023-08-18 22:31:48"
422,44.65,3457580,45.13,1,41,4,"2023-08-18 22:32:03"
423,0.00145837,16255.7,0.001492,1,1,7,"2023-08-18 22:32:18"
424,44.6,3453620,45.13,1,41,4,"2023-08-18 22:32:50"
425,0.203334,2159130,0.211798,1,39,5,"2023-08-18 22:32:50"
426,0.00145837,16255.7,0.001492,1,1,7,"2023-08-18 22:32:51"
427,4.85,24065400,4.92,1,58,2,"2023-08-18 22:32:51"
428,0.326503,63521400,0.331294,1,64,3,"2023-08-18 22:32:51"
429,4.87,24096300,4.92,1,58,2,"2023-08-18 23:02:52"
430,0.203119,2171540,0.211798,1,39,5,"2023-08-18 23:03:20"
431,0.3272,62546100,0.331294,1,64,3,"2023-08-18 23:03:31"
432,0.200848,2107650,0.211798,1,39,5,"2023-08-19 09:09:43"
433,0.328125,50647600,0.330595,1,64,3,"2023-08-19 09:09:43"
434,4.9,17925700,4.92,1,58,2,"2023-08-19 09:09:43"
435,4.92,17861000,4.92,1,58,2,"2023-08-19 09:38:48"
436,0.201356,2109540,0.211798,1,39,5,"2023-08-19 09:39:17"
437,0.329414,62207500,0.330595,1,64,3,"2023-08-19 09:39:27"
438,0.00146404,16685.4,0.00147461,1,1,7,"2023-08-19 09:39:37"
439,44.75,2496780,45.03,1,41,4,"2023-08-19 09:39:47"
440,4.91,17886800,4.92,1,58,2,"2023-08-19 10:08:47"
441,0.200967,2105670,0.211798,1,39,5,"2023-08-19 10:09:47"
442,0.328852,47935400,0.330595,1,64,3,"2023-08-19 10:10:07"
443,0.00146406,16685.7,0.00147435,1,1,7,"2023-08-19 10:10:27"
444,44.76,3392720,45.03,1,41,4,"2023-08-19 10:10:47"
445,4.94,17305000,4.98,1,58,2,"2023-08-19 12:44:52"
446,0.201242,2127020,0.211798,1,39,5,"2023-08-19 12:44:52"
447,45.35,3247920,45.61,1,41,4,"2023-08-19 12:44:52"
448,0.332284,58668500,0.33375,1,64,3,"2023-08-19 12:44:52"
449,0.00147755,16839.3,0.00148864,1,1,7,"2023-08-19 12:44:54"
450,4.94,17290400,4.98,1,58,2,"2023-08-19 12:49:26"
451,0.201345,2130050,0.211798,1,39,5,"2023-08-19 12:49:28"
452,45.5,2285990,45.61,1,41,4,"2023-08-19 12:49:28"
453,0.33214,57796300,0.33375,1,64,3,"2023-08-19 12:49:28"
454,725.43,0,0,1,0,6,"2023-08-19 12:49:28"
455,0.00147755,16839.4,0.00148864,1,1,7,"2023-08-19 12:49:28"
456,725.43,0,0,1,0,6,"2023-08-19 12:50:03"
457,725.43,0,0,1,0,6,"2023-08-19 12:50:38"
458,725.43,0,0,1,0,6,"2023-08-19 12:51:13"
459,725.43,0,0,1,0,6,"2023-08-19 12:51:48"
460,725.43,0,0,1,0,6,"2023-08-19 12:52:23"
461,725.43,0,0,1,0,6,"2023-08-19 12:52:58"
462,725.43,0,0,1,0,6,"2023-08-19 12:53:33"
463,725.43,0,0,1,0,6,"2023-08-19 12:54:08"
464,725.43,0,0,1,0,6,"2023-08-19 12:54:43"
465,725.43,0,0,1,0,6,"2023-08-19 12:55:18"
466,725.43,0,0,1,0,6,"2023-08-19 12:55:53"
467,725.43,0,0,1,0,6,"2023-08-19 12:56:28"
468,725.43,0,0,1,0,6,"2023-08-19 12:57:03"
469,725.43,0,0,1,0,6,"2023-08-19 12:57:38"
470,725.43,0,0,1,0,6,"2023-08-19 12:58:13"
471,725.43,0,0,1,0,6,"2023-08-19 12:58:49"
472,725.43,0,0,1,0,6,"2023-08-19 12:59:23"
473,725.43,0,0,1,0,6,"2023-08-19 12:59:59"
474,725.43,0,0,1,0,6,"2023-08-19 13:00:34"
475,725.43,0,0,1,0,6,"2023-08-19 13:01:09"
476,725.43,0,0,1,0,6,"2023-08-19 13:01:44"
477,725.43,0,0,1,0,6,"2023-08-19 13:02:20"
478,725.43,0,0,1,0,6,"2023-08-19 13:02:55"
479,725.43,0,0,1,0,6,"2023-08-19 13:03:29"
480,725.43,0,0,1,0,6,"2023-08-19 13:04:04"
481,725.43,0,0,1,0,6,"2023-08-19 13:04:39"
482,725.43,0,0,1,0,6,"2023-08-19 13:05:14"
483,725.43,0,0,1,0,6,"2023-08-19 13:05:49"
484,725.43,0,0,1,0,6,"2023-08-19 13:06:24"
485,725.43,0,0,1,0,6,"2023-08-19 13:06:59"
486,725.43,0,0,1,0,6,"2023-08-19 13:07:34"
487,725.43,0,0,1,0,6,"2023-08-19 13:08:09"
488,725.43,0,0,1,0,6,"2023-08-19 13:08:44"
489,725.43,0,0,1,0,6,"2023-08-19 13:09:19"
490,725.43,0,0,1,0,6,"2023-08-19 13:09:54"
491,725.43,0,0,1,0,6,"2023-08-19 13:10:29"
492,725.43,0,0,1,0,6,"2023-08-19 13:11:05"
493,725.43,0,0,1,0,6,"2023-08-19 13:11:39"
494,725.43,0,0,1,0,6,"2023-08-19 13:12:15"
495,725.43,0,0,1,0,6,"2023-08-19 13:12:49"
496,725.43,0,0,1,0,6,"2023-08-19 13:13:24"
497,725.43,0,0,1,0,6,"2023-08-19 13:13:59"
498,4.95,17589500,4.98,1,58,2,"2023-08-19 13:14:31"
499,45.63,3053890,45.64,1,41,4,"2023-08-19 13:14:37"
500,0.200713,2126610,0.211798,1,39,5,"2023-08-19 13:14:37"
501,0.333191,57838200,0.33375,1,64,3,"2023-08-19 13:14:37"
502,0.00147704,16833.5,0.00148864,1,1,7,"2023-08-19 13:14:37"
503,725.43,0,0,1,0,6,"2023-08-19 13:14:38"
504,725.43,0,0,1,0,6,"2023-08-19 13:15:47"
505,725.43,0,0,1,0,6,"2023-08-19 13:16:23"
506,725.43,0,0,1,0,6,"2023-08-19 13:16:58"
507,725.43,0,0,1,0,6,"2023-08-19 13:17:33"
508,725.43,0,0,1,0,6,"2023-08-19 13:18:08"
509,725.43,0,0,1,0,6,"2023-08-19 13:18:43"
510,725.43,0,0,1,0,6,"2023-08-19 13:19:18"
511,725.43,0,0,1,0,6,"2023-08-19 13:19:53"
512,725.43,0,0,1,0,6,"2023-08-19 13:20:29"
513,725.43,0,0,1,0,6,"2023-08-19 13:21:03"
514,725.43,0,0,1,0,6,"2023-08-19 13:21:38"
515,725.43,0,0,1,0,6,"2023-08-19 13:22:13"
516,725.43,0,0,1,0,6,"2023-08-19 13:22:48"
517,725.43,0,0,1,0,6,"2023-08-19 13:23:23"
518,725.43,0,0,1,0,6,"2023-08-19 13:23:58"
519,725.43,0,0,1,0,6,"2023-08-19 13:24:33"
520,725.43,0,0,1,0,6,"2023-08-19 13:25:08"
521,725.43,0,0,1,0,6,"2023-08-19 13:25:43"
522,725.43,0,0,1,0,6,"2023-08-19 13:26:18"
523,725.43,0,0,1,0,6,"2023-08-19 13:26:53"
524,725.43,0,0,1,0,6,"2023-08-19 13:27:28"
525,725.43,0,0,1,0,6,"2023-08-19 13:28:03"
526,725.43,0,0,1,0,6,"2023-08-19 13:28:38"
527,0.200696,2125730,0.211798,1,39,5,"2023-08-19 13:29:14"
528,4.94,17486000,4.98,1,58,2,"2023-08-19 13:29:14"
529,45.56,3322940,45.67,1,41,4,"2023-08-19 13:29:14"
530,0.331797,44714400,0.33375,1,64,3,"2023-08-19 13:29:14"
531,0.00147556,17001.4,0.00148864,1,1,7,"2023-08-19 13:29:14"
532,725.43,0,0,1,0,6,"2023-08-19 13:30:24"
533,725.43,0,0,1,0,6,"2023-08-19 13:30:59"
534,725.43,0,0,1,0,6,"2023-08-19 13:31:35"
535,725.43,0,0,1,0,6,"2023-08-19 13:32:09"
536,725.43,0,0,1,0,6,"2023-08-19 13:32:44"
537,0.200936,2124820,0.211798,1,39,5,"2023-08-19 13:33:12"
538,4.94,17351900,4.98,1,58,2,"2023-08-19 13:33:12"
539,45.54,4417430,45.67,1,41,4,"2023-08-19 13:33:13"
540,725.43,0,0,1,0,6,"2023-08-19 13:33:13"
541,725.43,0,0,1,0,6,"2023-08-19 13:48:40"
542,9404200,8005.81,0,1,0,12,"2023-08-19 13:48:40"
543,9404200,8005.81,0,1,0,12,"2023-08-19 13:49:15"
544,725.43,0,0,1,0,6,"2023-08-19 13:49:15"
545,4.95,17439500,4.98,1,58,2,"2023-08-19 13:49:55"
546,45.69,3335920,45.75,1,41,4,"2023-08-19 13:49:56"
547,0.201401,2134610,0.211798,1,39,5,"2023-08-19 13:49:56"
548,0.333071,57135900,0.33375,1,64,3,"2023-08-19 13:49:56"
549,725.43,0,0,1,0,6,"2023-08-19 13:53:32"
550,9403970,8005.61,0,1,0,12,"2023-08-19 13:53:32"
551,725.43,0,0,1,0,6,"2023-08-19 13:54:07"
552,9403970,8005.61,0,1,0,12,"2023-08-19 13:54:07"
553,725.43,0,0,1,0,6,"2023-08-19 13:54:42"
554,9398700,8001.12,0,1,0,12,"2023-08-19 13:54:42"
555,4.95,17377900,4.98,1,58,2,"2023-08-19 13:55:20"
556,0.20119,2131390,0.211798,1,39,5,"2023-08-19 13:55:24"
557,45.69,3313600,45.75,1,41,4,"2023-08-19 13:55:24"
558,0.332897,57119500,0.33375,1,64,3,"2023-08-19 13:55:24"
559,725.43,0,0,1,0,6,"2023-08-19 13:58:14"
560,9398700,8001.12,0,1,0,12,"2023-08-19 13:58:14"
561,725.43,0,0,1,0,6,"2023-08-19 13:58:49"
562,9401060,8003.13,0,1,0,12,"2023-08-19 13:58:50"
563,9401060,8003.13,0,1,0,12,"2023-08-19 13:59:24"
564,725.43,0,0,1,0,6,"2023-08-19 13:59:25"
565,725.43,0,0,1,0,6,"2023-08-19 13:59:59"
566,9401060,8003.13,0,1,0,12,"2023-08-19 14:00:00"
567,725.43,0,0,1,0,6,"2023-08-19 14:00:34"
568,9401060,8003.13,0,1,0,12,"2023-08-19 14:00:35"
569,725.43,0,0,1,0,6,"2023-08-19 14:01:09"
570,9401060,8003.13,0,1,0,12,"2023-08-19 14:01:10"
571,725.43,0,0,1,0,6,"2023-08-19 14:01:44"
572,9401060,8003.13,0,1,0,12,"2023-08-19 14:01:45"
573,725.43,0,0,1,0,6,"2023-08-19 14:02:19"
574,9401060,8003.13,0,1,0,12,"2023-08-19 14:02:21"
575,725.43,0,0,1,0,6,"2023-08-19 14:02:54"
576,9401060,8003.13,0,1,0,12,"2023-08-19 14:02:55"
577,725.43,0,0,1,0,6,"2023-08-19 14:03:29"
578,9407240,8008.39,0,1,0,12,"2023-08-19 14:03:30"
579,725.43,0,0,1,0,6,"2023-08-19 14:04:04"
580,9407240,8008.39,0,1,0,12,"2023-08-19 14:04:05"
581,725.43,0,0,1,0,6,"2023-08-19 14:04:39"
582,9407240,8008.39,0,1,0,12,"2023-08-19 14:04:40"
583,725.43,0,0,1,0,6,"2023-08-19 14:05:15"
584,9407240,8008.39,0,1,0,12,"2023-08-19 14:05:15"
585,725.43,0,0,1,0,6,"2023-08-19 14:05:49"
586,9407240,8008.39,0,1,0,12,"2023-08-19 14:05:50"
587,725.43,0,0,1,0,6,"2023-08-19 14:06:24"
588,9407240,8008.39,0,1,0,12,"2023-08-19 14:06:25"
589,725.43,0,0,1,0,6,"2023-08-19 14:07:00"
590,9407240,8008.39,0,1,0,12,"2023-08-19 14:07:00"
591,725.43,0,0,1,0,6,"2023-08-19 14:07:34"
592,9407240,8008.39,0,1,0,12,"2023-08-19 14:07:35"
593,725.43,0,0,1,0,6,"2023-08-19 14:08:09"
594,9407240,8008.39,0,1,0,12,"2023-08-19 14:08:10"
595,725.43,0,0,1,0,6,"2023-08-19 14:08:45"
596,9407240,8008.39,0,1,0,12,"2023-08-19 14:08:45"
597,725.43,0,0,1,0,6,"2023-08-19 14:09:20"
598,9407240,8008.39,0,1,0,12,"2023-08-19 14:09:20"
599,725.43,0,0,1,0,6,"2023-08-19 14:09:55"
600,9407240,8008.39,0,1,0,12,"2023-08-19 14:09:55"
601,725.43,0,0,1,0,6,"2023-08-19 14:10:30"
602,9407240,8008.39,0,1,0,12,"2023-08-19 14:10:30"
603,725.43,0,0,1,0,6,"2023-08-19 14:11:05"
604,9407240,8008.39,0,1,0,12,"2023-08-19 14:11:05"
605,725.43,0,0,1,0,6,"2023-08-19 14:11:40"
606,9407240,8008.39,0,1,0,12,"2023-08-19 14:11:40"
607,725.43,0,0,1,0,6,"2023-08-19 14:12:15"
608,9407240,8008.39,0,1,0,12,"2023-08-19 14:12:15"
609,725.43,0,0,1,0,6,"2023-08-19 14:12:50"
610,9407240,8008.39,0,1,0,12,"2023-08-19 14:12:50"
611,725.43,0,0,1,0,6,"2023-08-19 14:13:25"
612,9407240,8008.39,0,1,0,12,"2023-08-19 14:13:25"
613,9404820,8006.33,0,1,0,12,"2023-08-19 14:14:00"
614,725.43,0,0,1,0,6,"2023-08-19 14:14:00"
615,725.43,0,0,1,0,6,"2023-08-19 14:14:35"
616,9404820,8006.33,0,1,0,12,"2023-08-19 14:14:35"
617,725.43,0,0,1,0,6,"2023-08-19 14:15:10"
618,9404650,8006.19,0,1,0,12,"2023-08-19 14:15:10"
619,725.43,0,0,1,0,6,"2023-08-19 14:15:45"
620,9404650,8006.19,0,1,0,12,"2023-08-19 14:15:45"
621,725.43,0,0,1,0,6,"2023-08-19 14:16:20"
622,9404650,8006.19,0,1,0,12,"2023-08-19 14:16:20"
623,725.43,0,0,1,0,6,"2023-08-19 14:16:55"
624,9404650,8006.19,0,1,0,12,"2023-08-19 14:16:55"
625,725.43,0,0,1,0,6,"2023-08-19 14:17:30"
626,9404650,8006.19,0,1,0,12,"2023-08-19 14:17:30"
627,725.43,0,0,1,0,6,"2023-08-19 14:18:05"
628,9404650,8006.19,0,1,0,12,"2023-08-19 14:18:05"
629,725.43,0,0,1,0,6,"2023-08-19 14:18:40"
630,9404430,8006,0,1,0,12,"2023-08-19 14:18:40"
631,725.43,0,0,1,0,6,"2023-08-19 14:19:15"
632,9404430,8006,0,1,0,12,"2023-08-19 14:19:15"
633,725.43,0,0,1,0,6,"2023-08-19 14:19:50"
634,9404430,8006,0,1,0,12,"2023-08-19 14:19:50"
635,725.43,0,0,1,0,6,"2023-08-19 14:20:25"
636,9404430,8006,0,1,0,12,"2023-08-19 14:20:25"
637,9404430,8006,0,1,0,12,"2023-08-19 14:21:00"
638,725.43,0,0,1,0,6,"2023-08-19 14:21:00"
639,725.43,0,0,1,0,6,"2023-08-19 14:21:35"
640,9404430,8006,0,1,0,12,"2023-08-19 14:21:35"
641,725.43,0,0,1,0,6,"2023-08-19 14:22:10"
642,9404430,8006,0,1,0,12,"2023-08-19 14:22:10"
643,725.43,0,0,1,0,6,"2023-08-19 14:22:45"
644,9404430,8006,0,1,0,12,"2023-08-19 14:22:45"
645,725.43,0,0,1,0,6,"2023-08-19 14:23:20"
646,9405380,8006.81,0,1,0,12,"2023-08-19 14:23:20"
647,725.43,0,0,1,0,6,"2023-08-19 14:23:55"
648,9405380,8006.81,0,1,0,12,"2023-08-19 14:23:55"
649,725.43,0,0,1,0,6,"2023-08-19 14:24:30"
650,9405380,8006.81,0,1,0,12,"2023-08-19 14:24:30"
651,725.43,0,0,1,0,6,"2023-08-19 14:25:05"
652,9405380,8006.81,0,1,0,12,"2023-08-19 14:25:05"
653,725.43,0,0,1,0,6,"2023-08-19 14:25:40"
654,9405380,8006.81,0,1,0,12,"2023-08-19 14:25:40"
655,725.43,0,0,1,0,6,"2023-08-19 14:26:15"
656,9405380,8006.81,0,1,0,12,"2023-08-19 14:26:16"
657,0.201363,2121050,0.211798,1,39,5,"2023-08-19 14:38:27"
658,0.334148,57240700,0.333865,1,64,3,"2023-08-19 14:38:27"
659,4.96,17102300,4.98,1,58,2,"2023-08-19 14:38:27"
660,4.96,17055300,4.98,1,58,2,"2023-08-19 14:39:33"
661,0.201403,2122030,0.211798,1,39,5,"2023-08-19 14:39:34"
662,725.43,0,0,1,0,6,"2023-08-19 14:41:08"
663,9404500,8006.06,0,1,0,12,"2023-08-19 14:41:08"
664,725.43,0,0,1,0,6,"2023-08-19 14:41:43"
665,9404500,8006.06,0,1,0,12,"2023-08-19 14:41:43"
666,725.43,0,0,1,0,6,"2023-08-19 14:42:18"
667,9404500,8006.06,0,1,0,12,"2023-08-19 14:42:18"
668,725.43,0,0,1,0,6,"2023-08-19 14:42:53"
669,9404500,8006.06,0,1,0,12,"2023-08-19 14:42:53"
670,725.43,0,0,1,0,6,"2023-08-19 14:43:27"
671,9407010,8008.19,0,1,0,12,"2023-08-19 14:43:28"
672,725.43,0,0,1,0,6,"2023-08-19 14:44:03"
673,9407010,8008.19,0,1,0,12,"2023-08-19 14:44:03"
674,725.43,0,0,1,0,6,"2023-08-19 14:44:38"
675,9407010,8008.19,0,1,0,12,"2023-08-19 14:44:39"
676,725.43,0,0,1,0,6,"2023-08-19 14:45:13"
677,9407010,8008.19,0,1,0,12,"2023-08-19 14:45:14"
678,9407010,8008.19,0,1,0,12,"2023-08-19 14:45:49"
679,725.43,0,0,1,0,6,"2023-08-19 14:45:49"
680,725.43,0,0,1,0,6,"2023-08-19 14:46:24"
681,9407010,8008.19,0,1,0,12,"2023-08-19 14:46:24"
682,725.43,0,0,1,0,6,"2023-08-19 14:46:59"
683,9403000,8004.78,0,1,0,12,"2023-08-19 14:46:59"
684,725.43,0,0,1,0,6,"2023-08-19 14:47:35"
685,9403000,8004.78,0,1,0,12,"2023-08-19 14:47:35"
686,725.43,0,0,1,0,6,"2023-08-19 14:48:10"
687,9403000,8004.78,0,1,0,12,"2023-08-19 14:48:10"
688,725.43,0,0,1,0,6,"2023-08-19 14:48:45"
689,9403000,8004.78,0,1,0,12,"2023-08-19 14:48:45"
690,725.43,0,0,1,0,6,"2023-08-19 14:49:20"
691,9403000,8004.78,0,1,0,12,"2023-08-19 14:49:20"
692,725.43,0,0,1,0,6,"2023-08-19 14:49:55"
693,9403000,8004.78,0,1,0,12,"2023-08-19 14:49:55"
694,9400090,8002.3,0,1,0,12,"2023-08-19 14:50:30"
695,725.43,0,0,1,0,6,"2023-08-19 14:50:30"
696,725.43,0,0,1,0,6,"2023-08-19 14:51:05"
697,9400090,8002.3,0,1,0,12,"2023-08-19 14:51:05"
698,725.43,0,0,1,0,6,"2023-08-19 14:51:40"
699,9400090,8002.3,0,1,0,12,"2023-08-19 14:51:40"
700,725.43,0,0,1,0,6,"2023-08-19 14:52:15"
701,9400090,8002.3,0,1,0,12,"2023-08-19 14:52:15"
702,725.43,0,0,1,0,6,"2023-08-19 14:52:50"
703,9400090,8002.3,0,1,0,12,"2023-08-19 14:52:50"
704,725.43,0,0,1,0,6,"2023-08-19 14:53:25"
705,9400090,8002.3,0,1,0,12,"2023-08-19 14:53:25"
706,725.43,0,0,1,0,6,"2023-08-19 14:54:00"
707,9400090,8002.3,0,1,0,12,"2023-08-19 14:54:00"
708,725.43,0,0,1,0,6,"2023-08-19 14:54:35"
709,9400090,8002.3,0,1,0,12,"2023-08-19 14:54:35"
710,9399880,8002.13,0,1,0,12,"2023-08-19 14:55:10"
711,725.43,0,0,1,0,6,"2023-08-19 14:55:10"
712,725.43,0,0,1,0,6,"2023-08-19 14:55:45"
713,9399880,8002.13,0,1,0,12,"2023-08-19 14:55:45"
714,725.43,0,0,1,0,6,"2023-08-19 14:56:20"
715,9399880,8002.13,0,1,0,12,"2023-08-19 14:56:20"
716,725.43,0,0,1,0,6,"2023-08-19 14:56:55"
717,9399880,8002.13,0,1,0,12,"2023-08-19 14:56:55"
718,725.43,0,0,1,0,6,"2023-08-19 14:57:30"
719,9399880,8002.13,0,1,0,12,"2023-08-19 14:57:30"
720,725.43,0,0,1,0,6,"2023-08-19 14:58:05"
721,9399880,8002.13,0,1,0,12,"2023-08-19 14:58:05"
722,725.43,0,0,1,0,6,"2023-08-19 14:58:40"
723,9398450,8000.91,0,1,0,12,"2023-08-19 14:58:40"
724,4.95,17163100,4.98,1,58,2,"2023-08-19 14:59:18"
725,0.200917,2117900,0.211798,1,39,5,"2023-08-19 14:59:18"
726,45.21,4498840,45.75,1,41,4,"2023-08-19 14:59:18"
727,45.19,3474870,45.75,1,41,4,"2023-08-19 15:19:01"
728,4.94,16857300,4.98,1,58,2,"2023-08-19 15:19:02"
729,0.200522,2126180,0.211798,1,39,5,"2023-08-19 15:19:02"
730,0.333296,42970900,0.334219,1,64,3,"2023-08-19 15:19:02"
731,518558,186.94,0,1,0,10,"2023-08-19 15:19:02"
732,0.00027395,10006.5,0.00027399,1,1,11,"2023-08-19 15:19:02"
733,0.001478,17029.6,0.00148864,1,1,7,"2023-08-19 15:19:02"
734,977278,0,0,1,0,9,"2023-08-19 15:30:59"
735,977278,0,0,1,0,9,"2023-08-19 15:31:28"
736,4.92,17233400,4.98,1,58,2,"2023-08-19 15:31:37"
737,0.331026,43680900,0.334219,1,64,3,"2023-08-19 15:31:37"
738,0.199795,2114800,0.211798,1,39,5,"2023-08-19 15:31:38"
739,0.00027407,9984.3,0.00027442,1,1,11,"2023-08-19 15:31:38"
740,45.01,3475660,45.75,1,41,4,"2023-08-19 15:31:38"
741,0.00147504,16995.4,0.00148864,1,1,7,"2023-08-19 15:31:38"
742,977278,0,0,1,0,9,"2023-08-19 15:32:42"
743,977278,0,0,1,0,9,"2023-08-19 15:33:11"
744,977278,0,0,1,0,9,"2023-08-19 15:33:41"
745,977278,0,0,1,0,9,"2023-08-19 15:34:11"
746,977278,0,0,1,0,9,"2023-08-19 15:34:41"
747,977278,0,0,1,0,9,"2023-08-19 15:35:11"
748,977278,0,0,1,0,9,"2023-08-19 15:35:42"
749,977278,0,0,1,0,9,"2023-08-19 15:36:11"
750,4.92,17230000,4.98,1,58,2,"2023-08-19 15:36:24"
751,0.200107,2115850,0.211798,1,39,5,"2023-08-19 15:36:24"
752,0.332328,56910700,0.334219,1,64,3,"2023-08-19 15:36:24"
753,45.03,3479440,45.75,1,41,4,"2023-08-19 15:36:24"
754,0.00147054,16943.6,0.00148864,1,1,7,"2023-08-19 15:36:25"
755,972961,0,0,1,0,9,"2023-08-19 15:37:24"
756,972961,0,0,1,0,9,"2023-08-19 15:37:53"
757,972961,0,0,1,0,9,"2023-08-19 15:38:24"
758,972961,0,0,1,0,9,"2023-08-19 15:38:54"
759,972961,0,0,1,0,9,"2023-08-19 15:39:24"
760,972961,0,0,1,0,9,"2023-08-19 15:39:54"
761,972961,0,0,1,0,9,"2023-08-19 15:40:24"
762,972961,0,0,1,0,9,"2023-08-19 15:40:54"
763,972961,0,0,1,0,9,"2023-08-19 15:41:24"
764,972961,0,0,1,0,9,"2023-08-19 15:41:54"
765,972961,0,0,1,0,9,"2023-08-19 15:42:24"
766,972961,0,0,1,0,9,"2023-08-19 15:42:54"
767,972961,0,0,1,0,9,"2023-08-19 15:43:24"
768,972961,0,0,1,0,9,"2023-08-19 15:43:54"
769,972961,0,0,1,0,9,"2023-08-19 15:44:25"
770,972961,0,0,1,0,9,"2023-08-19 15:44:54"
771,972961,0,0,1,0,9,"2023-08-19 15:45:24"
772,972961,0,0,1,0,9,"2023-08-19 15:45:54"
773,972961,0,0,1,0,9,"2023-08-19 15:46:25"
774,972961,0,0,1,0,9,"2023-08-19 15:46:54"
775,972961,0,0,1,0,9,"2023-08-19 15:47:24"
776,972961,0,0,1,0,9,"2023-08-19 15:47:57"
777,972961,0,0,1,0,9,"2023-08-19 15:48:24"
778,972961,0,0,1,0,9,"2023-08-19 15:48:54"
779,972961,0,0,1,0,9,"2023-08-19 15:49:24"
780,972961,0,0,1,0,9,"2023-08-19 15:49:54"
781,972961,0,0,1,0,9,"2023-08-19 15:50:24"
782,972961,0,0,1,0,9,"2023-08-19 15:50:54"
783,972961,0,0,1,0,9,"2023-08-19 15:51:24"
784,972961,0,0,1,0,9,"2023-08-19 15:51:54"
785,972961,0,0,1,0,9,"2023-08-19 15:52:25"
786,972961,0,0,1,0,9,"2023-08-19 15:52:54"
787,972961,0,0,1,0,9,"2023-08-19 15:53:24"
788,972961,0,0,1,0,9,"2023-08-19 15:53:54"
789,972961,0,0,1,0,9,"2023-08-19 15:54:24"
790,972961,0,0,1,0,9,"2023-08-19 15:54:54"
791,972961,0,0,1,0,9,"2023-08-19 15:55:24"
792,972961,0,0,1,0,9,"2023-08-19 15:55:54"
793,972961,0,0,1,0,9,"2023-08-19 15:56:24"
794,972961,0,0,1,0,9,"2023-08-19 15:56:54"
795,972961,0,0,1,0,9,"2023-08-19 15:57:24"
796,972961,0,0,1,0,9,"2023-08-19 15:57:54"
797,972961,0,0,1,0,9,"2023-08-19 15:58:24"
798,972961,0,0,1,0,9,"2023-08-19 15:58:54"
799,972961,0,0,1,0,9,"2023-08-19 15:59:24"
800,972961,0,0,1,0,9,"2023-08-19 15:59:54"
801,972961,0,0,1,0,9,"2023-08-19 16:00:24"
802,972961,0,0,1,0,9,"2023-08-19 16:00:54"
803,972961,0,0,1,0,9,"2023-08-19 16:01:24"
804,972961,0,0,1,0,9,"2023-08-19 16:01:54"
805,972961,0,0,1,0,9,"2023-08-19 16:02:25"
806,972961,0,0,1,0,9,"2023-08-19 16:02:55"
807,972961,0,0,1,0,9,"2023-08-19 16:03:24"
808,972961,0,0,1,0,9,"2023-08-19 16:03:54"
809,972961,0,0,1,0,9,"2023-08-19 16:04:25"
810,972961,0,0,1,0,9,"2023-08-19 16:04:54"
811,972961,0,0,1,0,9,"2023-08-19 16:05:24"
812,972961,0,0,1,0,9,"2023-08-19 16:05:54"
813,972961,0,0,1,0,9,"2023-08-19 16:06:24"
814,44.99,3333600,45.75,1,41,4,"2023-08-19 16:06:35"
815,21.78,260258000,22.15,1,75,1,"2023-08-19 16:06:35"
816,0.199965,2113040,0.211798,1,39,5,"2023-08-19 16:06:35"
817,9361460,9020.85,0,1,0,12,"2023-08-19 16:06:38"
818,516065,186.05,0,1,0,10,"2023-08-19 16:07:53"
819,973764,0,0,1,0,9,"2023-08-19 16:07:54"
820,973764,0,0,1,0,9,"2023-08-19 16:08:24"
821,973764,0,0,1,0,9,"2023-08-19 16:08:54"
822,973764,0,0,1,0,9,"2023-08-19 16:09:24"
823,973764,0,0,1,0,9,"2023-08-19 16:09:55"
824,973764,0,0,1,0,9,"2023-08-19 16:10:25"
825,973764,0,0,1,0,9,"2023-08-19 16:10:55"
826,973764,0,0,1,0,9,"2023-08-19 16:11:25"
827,973764,0,0,1,0,9,"2023-08-19 16:11:55"
828,973764,0,0,1,0,9,"2023-08-19 16:12:24"
829,973764,0,0,1,0,9,"2023-08-19 16:12:55"
830,973764,0,0,1,0,9,"2023-08-19 16:13:24"
831,973764,0,0,1,0,9,"2023-08-19 16:13:55"
832,973764,0,0,1,0,9,"2023-08-19 16:14:24"
833,973764,0,0,1,0,9,"2023-08-19 16:14:55"
834,973764,0,0,1,0,9,"2023-08-19 16:15:24"
835,973764,0,0,1,0,9,"2023-08-19 16:15:55"
836,973764,0,0,1,0,9,"2023-08-19 16:16:24"
837,973764,0,0,1,0,9,"2023-08-19 16:16:55"
838,973764,0,0,1,0,9,"2023-08-19 16:17:25"
839,973764,0,0,1,0,9,"2023-08-19 16:17:55"
840,973148,0,0,1,0,9,"2023-08-20 10:11:02"
841,973148,0,0,1,0,9,"2023-08-20 10:11:32"
842,973148,0,0,1,0,9,"2023-08-20 10:12:03"
843,973148,0,0,1,0,9,"2023-08-20 10:12:32"
844,973148,0,0,1,0,9,"2023-08-20 10:13:04"
845,973148,0,0,1,0,9,"2023-08-20 10:13:32"
846,973148,0,0,1,0,9,"2023-08-20 10:14:02"
847,973148,0,0,1,0,9,"2023-08-20 10:14:32"
848,973148,0,0,1,0,9,"2023-08-20 10:15:02"
849,973148,0,0,1,0,9,"2023-08-20 10:15:32"
850,973148,0,0,1,0,9,"2023-08-20 10:16:02"
851,973148,0,0,1,0,9,"2023-08-20 10:16:32"
852,973148,0,0,1,0,9,"2023-08-20 10:17:02"
853,973148,0,0,1,0,9,"2023-08-20 10:17:32"
854,973148,0,0,1,0,9,"2023-08-20 10:18:02"
855,973148,0,0,1,0,9,"2023-08-20 10:18:32"
856,973148,0,0,1,0,9,"2023-08-20 10:19:03"
857,973148,0,0,1,0,9,"2023-08-20 10:19:32"
858,973148,0,0,1,0,9,"2023-08-20 10:20:02"
859,973148,0,0,1,0,9,"2023-08-20 10:20:32"
860,973148,0,0,1,0,9,"2023-08-20 10:21:02"
861,973148,0,0,1,0,9,"2023-08-20 10:21:32"
862,973148,0,0,1,0,9,"2023-08-20 10:22:02"
863,973148,0,0,1,0,9,"2023-08-20 10:22:33"
864,973148,0,0,1,0,9,"2023-08-20 10:23:02"
865,973148,0,0,1,0,9,"2023-08-20 10:23:32"
866,973148,0,0,1,0,9,"2023-08-20 10:24:02"
867,973148,0,0,1,0,9,"2023-08-20 10:24:32"
868,973148,0,0,1,0,9,"2023-08-20 10:25:02"
869,973148,0,0,1,0,9,"2023-08-20 10:25:32"
870,973148,0,0,1,0,9,"2023-08-20 10:26:02"
871,973148,0,0,1,0,9,"2023-08-20 10:26:32"
872,973148,0,0,1,0,9,"2023-08-20 10:27:02"
873,973148,0,0,1,0,9,"2023-08-20 10:27:33"
874,973148,0,0,1,0,9,"2023-08-20 10:28:03"
875,973148,0,0,1,0,9,"2023-08-20 10:28:32"
876,973148,0,0,1,0,9,"2023-08-20 10:29:02"
877,973148,0,0,1,0,9,"2023-08-20 10:29:32"
878,973148,0,0,1,0,9,"2023-08-20 10:30:02"
879,973148,0,0,1,0,9,"2023-08-20 10:30:32"
880,973148,0,0,1,0,9,"2023-08-20 10:31:03"
881,973148,0,0,1,0,9,"2023-08-20 10:31:32"
882,973148,0,0,1,0,9,"2023-08-20 10:32:03"
883,973148,0,0,1,0,9,"2023-08-20 10:32:33"
884,973148,0,0,1,0,9,"2023-08-20 10:33:03"
885,973148,0,0,1,0,9,"2023-08-20 10:33:33"
886,973148,0,0,1,0,9,"2023-08-20 10:34:03"
887,973148,0,0,1,0,9,"2023-08-20 10:34:33"
888,974166,0,0,1,0,9,"2023-08-20 10:35:03"
889,974166,0,0,1,0,9,"2023-08-20 10:35:33"
890,974166,0,0,1,0,9,"2023-08-20 10:36:03"
891,974166,0,0,1,0,9,"2023-08-20 10:36:33"
892,974166,0,0,1,0,9,"2023-08-20 10:37:03"
893,974166,0,0,1,0,9,"2023-08-20 10:37:33"
894,974166,0,0,1,0,9,"2023-08-20 10:38:03"
895,974166,0,0,1,0,9,"2023-08-20 10:38:33"
896,974166,0,0,1,0,9,"2023-08-20 10:39:03"
897,974166,0,0,1,0,9,"2023-08-20 10:39:33"
898,21.81,225098000,22.15,1,75,1,"2023-08-20 10:39:44"
899,45.23,2424430,45.75,1,41,4,"2023-08-20 10:39:44"
900,0.202816,1749990,0.204557,1,39,5,"2023-08-20 10:39:45"
901,8909390,10438.2,0,1,0,12,"2023-08-20 10:39:46"
902,0.00027587,8762.61,0.00028184,1,1,11,"2023-08-20 10:39:47"
903,0.333025,40569900,0.338283,1,64,3,"2023-08-20 10:39:48"
904,516512,151.27,0,1,0,10,"2023-08-20 10:41:02"
905,974166,0,0,1,0,9,"2023-08-20 10:41:03"
906,974166,0,0,1,0,9,"2023-08-20 10:41:33"
907,974166,0,0,1,0,9,"2023-08-20 10:42:03"
908,974166,0,0,1,0,9,"2023-08-20 10:42:33"
909,974166,0,0,1,0,9,"2023-08-20 10:43:04"
910,974166,0,0,1,0,9,"2023-08-20 10:43:34"
911,974166,0,0,1,0,9,"2023-08-20 10:44:04"
912,974166,0,0,1,0,9,"2023-08-20 10:44:34"
913,974166,0,0,1,0,9,"2023-08-20 10:45:04"
914,974166,0,0,1,0,9,"2023-08-20 10:45:34"
915,974166,0,0,1,0,9,"2023-08-20 10:46:04"
916,974166,0,0,1,0,9,"2023-08-20 10:46:34"
917,974166,0,0,1,0,9,"2023-08-20 10:47:04"
918,974166,0,0,1,0,9,"2023-08-20 10:47:34"
919,974166,0,0,1,0,9,"2023-08-20 10:48:04"
920,4.81,14880800,4.94,1,58,2,"2023-08-22 11:30:52"
921,0.193488,1736010,0.203872,1,39,5,"2023-08-22 11:30:52"
922,4.82,14757400,4.94,1,58,2,"2023-08-22 11:32:10"
923,0.193648,1737830,0.203872,1,39,5,"2023-08-22 11:32:10"
924,42.71,3027740,44.82,1,41,4,"2023-08-22 11:32:11"
925,0.318114,38032900,0.328088,1,64,3,"2023-08-22 11:32:11"
926,4.82,14768100,4.94,1,58,2,"2023-08-22 11:33:35"
927,0.193699,1739620,0.203872,1,39,5,"2023-08-22 11:33:35"
928,42.72,3029060,44.82,1,41,4,"2023-08-22 11:33:35"
929,0.318221,38027500,0.328088,1,64,3,"2023-08-22 11:33:36"
930,511176,482.65,0,1,0,10,"2023-08-22 11:33:36"
931,0.00144943,16700.7,0.00147419,1,1,7,"2023-08-22 11:33:38"
932,0.00026941,7785.29,0.00028698,1,1,11,"2023-08-22 11:33:38"
933,4.82,14778500,4.94,1,58,2,"2023-08-22 11:35:06"
934,0.00144967,16703.4,0.00147419,1,1,7,"2023-08-22 11:35:06"
935,0.00026941,7785.29,0.00028698,1,1,11,"2023-08-22 11:35:06"
936,4.92,19117800,4.94,1,58,2,"2023-08-22 19:50:53"
937,0.196767,1918800,0.203148,1,39,5,"2023-08-22 19:50:53"
938,956089,0,0,1,0,9,"2023-08-22 19:50:55"
939,8626920,9874.93,0,1,0,12,"2023-08-22 19:50:55"
940,43.1,2831860,44.52,1,41,4,"2023-08-22 19:50:55"
941,20.63,430861000,21.24,1,75,1,"2023-08-22 19:50:55"
942,43.1,2838360,44.52,1,41,4,"2023-08-22 19:56:54"
943,503887,106.04,0,1,0,10,"2023-08-22 19:56:54"
944,0.325688,56645500,0.32639,1,64,3,"2023-08-22 19:56:54"
945,0.196779,1919400,0.203148,1,39,5,"2023-08-22 19:56:54"
946,572771,0,0,1,0,8,"2023-08-22 19:56:54"
947,0.00143874,16220.8,0.00146862,1,1,7,"2023-08-22 19:56:54"
948,4.91,18813300,4.94,1,58,2,"2023-08-22 19:56:54"
949,510880,230.8,0,1,0,10,"2023-08-24 14:02:55"
950,0.322352,38297700,0.332665,1,64,3,"2023-08-24 14:04:01"
951,0.00144729,16314.8,0.00148623,1,1,7,"2023-08-24 14:04:01"
952,653.1,0,0,1,0,6,"2023-08-24 14:04:01"
953,510880,230.8,0,1,0,10,"2023-08-24 14:04:02"
954,0.00144729,16314.8,0.00148623,1,1,7,"2023-08-24 14:06:13"
955,534910,0,0,1,0,8,"2023-08-24 14:06:13"
956,653.1,0,0,1,0,6,"2023-08-24 14:06:13"
957,0.00026881,10429.1,0.00027335,1,1,11,"2023-08-24 14:06:13"
958,43.14,1589520,44.4,1,41,4,"2023-08-24 14:06:13"
959,961631,0,0,1,0,9,"2023-08-24 14:06:13"
960,0.193514,1581430,0.20392,1,39,5,"2023-08-24 14:06:14"
961,510880,230.8,0,1,0,10,"2023-08-24 14:07:55"
962,0.193624,1583170,0.20392,1,39,5,"2023-08-24 14:07:55"
963,0.322694,38278300,0.332665,1,64,3,"2023-08-24 14:07:55"
964,510880,230.8,0,1,0,10,"2023-08-24 14:10:04"
965,43.23,1592000,44.4,1,41,4,"2023-08-24 14:10:04"
966,0.193966,1586540,0.20392,1,39,5,"2023-08-24 14:10:04"
967,4.87,17745400,5.04,1,58,2,"2023-08-24 14:10:04"
968,20.95,366000000,21.97,1,75,1,"2023-08-24 14:10:05"
969,4.86,17798900,5.04,1,58,2,"2023-08-24 14:16:50"
970,0.193947,1586200,0.20392,1,39,5,"2023-08-24 14:16:50"
971,0.193947,1586200,0.20392,1,39,5,"2023-08-24 14:16:54"
972,510706,230.72,0,1,0,10,"2023-08-24 14:18:12"
973,0.00026845,10404,0.00027335,1,1,11,"2023-08-24 14:18:12"
974,534650,0,0,1,0,8,"2023-08-24 14:18:12"
975,510706,230.72,0,1,0,10,"2023-08-24 14:22:47"
976,0.193851,1589100,0.20392,1,39,5,"2023-08-24 14:22:47"
977,4.87,17843700,5.04,1,58,2,"2023-08-24 14:22:47"
978,653.1,0,0,1,0,6,"2023-08-24 14:22:47"
979,20.98,365176000,21.97,1,75,1,"2023-08-24 14:22:47"
980,4.87,17788100,5.04,1,58,2,"2023-08-24 14:24:48"
981,0.193716,1587130,0.20392,1,39,5,"2023-08-24 14:24:48"
982,510706,230.72,0,1,0,10,"2023-08-24 14:24:48"
983,0.322975,38323300,0.332665,1,64,3,"2023-08-24 14:24:48"
984,43.23,1320640,44.4,1,41,4,"2023-08-24 14:24:48"
985,4.86,17831400,5.04,1,58,2,"2023-08-24 14:26:01"
986,0.19353,1585890,0.20392,1,39,5,"2023-08-24 14:26:01"
987,43.13,2469770,44.4,1,41,4,"2023-08-24 14:26:01"
988,510706,230.72,0,1,0,10,"2023-08-24 14:26:02"
989,0.193655,1586780,0.20392,1,39,5,"2023-08-24 14:28:20"
990,4.87,17854400,5.04,1,58,2,"2023-08-24 14:28:20"
991,510706,230.72,0,1,0,10,"2023-08-24 14:28:20"
992,9007220,14993.4,0,1,0,12,"2023-08-24 14:28:20"
993,510706,230.72,0,1,0,10,"2023-08-24 14:30:55"
994,0.193986,1588240,0.20392,1,39,5,"2023-08-24 14:30:55"
995,43.23,1592740,44.4,1,41,4,"2023-08-24 14:30:55"
996,4.87,17892800,5.04,1,58,2,"2023-08-24 14:30:55"
997,4.87,17869300,5.04,1,58,2,"2023-08-24 14:32:31"
998,0.19402,1588820,0.20392,1,39,5,"2023-08-24 14:32:31"
999,43.2,1590880,44.4,1,41,4,"2023-08-24 14:32:31"
1000,0.0014506,16350.8,0.00148623,1,1,7,"2023-08-24 14:32:32"
1001,510706,230.72,0,1,0,10,"2023-08-24 14:32:32"
1002,961124,0,0,1,0,9,"2023-08-24 14:32:32"
1003,0.194371,1592980,0.20392,1,39,5,"2023-08-24 14:34:53"
1004,510706,230.72,0,1,0,10,"2023-08-24 14:34:53"
1005,43.27,2479120,44.4,1,41,4,"2023-08-24 14:34:53"
1006,4.88,17911900,5.04,1,58,2,"2023-08-24 14:34:53"
1007,0.323795,39087400,0.332665,1,64,3,"2023-08-24 14:34:53"
1008,0.00145418,16391.2,0.00148623,1,1,7,"2023-08-24 14:34:54"
1009,0.0002688,10419.5,0.00027335,1,1,11,"2023-08-24 14:34:54"
1010,4.88,17922800,5.04,1,58,2,"2023-08-24 14:36:08"
1011,0.194301,1592860,0.20392,1,39,5,"2023-08-24 14:36:08"
1012,43.32,1312950,44.4,1,41,4,"2023-08-24 14:36:08"
1013,0.323852,39102000,0.332665,1,64,3,"2023-08-24 14:36:08"
1014,534650,0,0,1,0,8,"2023-08-24 14:36:08"
1015,961124,0,0,1,0,9,"2023-08-24 14:36:08"
1016,4.88,17929100,5.04,1,58,2,"2023-08-24 14:38:56"
1017,43.3,1582200,44.4,1,41,4,"2023-08-24 14:38:56"
1018,0.19425,1587980,0.20392,1,39,5,"2023-08-24 14:38:56"
1019,965820,0,0,1,0,9,"2023-08-24 14:38:56"
1020,4.88,17943800,5.04,1,58,2,"2023-08-24 14:40:55"
1021,0.0014533,16381.3,0.00148623,1,1,7,"2023-08-24 14:40:56"
