2023-07-13 04:17:19 , 2023-03-19 02:04:17 , True
2023-07-13 04:17:17 , 2023-01-05 18:05:29 , True
2023-07-13 04:17:18 , 2023-02-13 02:07:39 , True
2023-06-02 18:18:35 , 2023-06-02 18:18:35 , True
2023-07-13 04:17:17 , 2023-01-05 18:05:29 , True
2023-07-13 04:17:17 , 2023-01-05 18:05:29 , True
2023-07-13 04:17:17 , 2023-01-05 18:05:29 , True
2023-07-13 04:17:17 , 2023-01-05 18:05:29 , True
2023-07-13 04:17:18 , 2023-02-13 02:07:39 , True
2023-07-13 04:17:19 , 2023-03-19 02:04:17 , True
2023-07-13 04:17:18 , 2023-01-05 18:05:29 , True
2023-07-13 04:17:19 , 2023-02-14 07:53:05 , True
2023-07-13 04:17:17 , 2023-01-05 18:05:29 , True